{"ActualMargin": 5.742211538461539, "Actual2H": 10.778221153846154, "ActualTotal": 10.778221153846154}