{"ActualMargin": 5.499607843137254, "Actual2H": 10.869264705882355, "ActualTotal": 10.823431372549017}