{"ActualMargin": 5.625048076923077, "Actual2H": 10.437259615384617, "ActualTotal": 10.437259615384617}