{"ActualMargin": 5.710144230769231, "Actual2H": 10.574951923076924, "ActualTotal": 10.574951923076922}