{"ActualMargin": 5.743509615384616, "Actual2H": 10.538942307692308, "ActualTotal": 10.538942307692308}