{"ActualMargin": 5.685432692307693, "Actual2H": 10.508798076923076, "ActualTotal": 10.508798076923078}